1,Christina,Morrison,1969-01-29,86-(618)519-2822,cmorrison0@samsung.com,Female,dbdb
2,Irene,Ferguson,1990-10-27,57-(655)252-3210,iferguson1@webmd.com,Female,dbdb
3,Stephanie,Howard,1962-08-01,212-(266)196-7094,showard2@merriam-webster.com,Female,dbdb
4,Patrick,Robertson,1957-10-11,62-(776)281-4904,probertson3@nydailynews.com,Male,dbdb
5,Rose,Shaw,1983-02-21,54-(479)749-9570,rshaw4@wikipedia.org,Female,dbdb
6,Alice,Anderson,1957-11-04,62-(693)439-6010,aanderson5@bbc.co.uk,Female,dbdb
7,Earl,Allen,1954-10-10,421-(642)522-3875,eallen6@meetup.com,Male,dbdb
8,Earl,Bailey,1981-09-09,48-(277)816-1555,ebailey7@hhs.gov,Male,dbdb
9,Gerald,Marshall,1972-05-30,55-(466)560-5389,gmarshall8@mac.com,Male,dbdb
10,Eugene,Gilbert,1987-02-07,86-(965)933-4539,egilbert9@auda.org.au,Male,dbdb
11,Jack,Banks,1990-07-06,7-(396)873-1810,jbanksa@fda.gov,Male,dbdb
12,Stephen,Graham,1960-02-02,30-(935)653-0617,sgrahamb@stumbleupon.com,Male,dbdb
13,Sarah,Adams,1992-09-08,1-(824)759-3440,sadamsc@jigsy.com,Female,dbdb
14,Ruby,Fisher,1969-06-18,33-(624)500-5885,rfisherd@reuters.com,Female,dbdb
15,Jean,Cunningham,1984-05-12,66-(318)557-3288,jcunninghame@ihg.com,Female,dbdb
16,Jane,Murray,1965-07-12,55-(881)979-5761,jmurrayf@blog.com,Female,dbdb
17,Jesse,Reyes,1951-04-24,27-(576)566-4710,jreyesg@ameblo.jp,Male,dbdb
18,Christopher,Perez,1975-04-05,351-(576)124-0926,cperezh@macromedia.com,Male,dbdb
19,Anna,Payne,1959-09-03,970-(553)358-2195,apaynei@unblog.fr,Female,dbdb
20,Pamela,Johnston,1960-04-19,86-(144)364-3891,pjohnstonj@multiply.com,Female,dbdb
21,Irene,Gordon,1961-08-28,46-(444)541-1337,igordonk@reverbnation.com,Female,dbdb
22,Philip,Black,1958-03-18,62-(829)956-9846,pblackl@illinois.edu,Male,dbdb
23,Denise,Owens,1958-07-06,351-(301)233-2135,dowensm@mayoclinic.com,Female,dbdb
24,John,Alvarez,1954-11-21,46-(260)529-2989,jalvarezn@deviantart.com,Male,dbdb
25,George,Fuller,1984-02-03,63-(305)523-4127,gfullero@ucoz.ru,Male,dbdb
26,Nancy,Fields,1984-08-03,63-(449)953-2981,nfieldsp@shop-pro.jp,Female,dbdb
27,Kimberly,Richardson,1962-06-22,7-(966)976-7085,krichardsonq@ebay.com,Female,dbdb
28,Pamela,Ray,1987-07-26,389-(130)444-7156,prayr@un.org,Female,dbdb
29,Donna,Morris,1967-06-16,46-(240)739-0861,dmorriss@feedburner.com,Female,dbdb
30,Mildred,Smith,1977-12-15,212-(883)682-4115,msmitht@webs.com,Female,dbdb
31,Michael,Thomas,1994-09-08,57-(617)992-7214,mthomasu@lulu.com,Male,dbdb
32,Lisa,Powell,1973-09-28,51-(136)610-8291,lpowellv@pinterest.com,Female,dbdb
33,Anne,Gibson,1976-03-15,66-(607)469-0793,agibsonw@blogger.com,Female,dbdb
34,Nicole,Johnson,1970-08-07,1-(410)991-5531,njohnsonx@taobao.com,Female,dbdb
35,Steven,Burns,1991-10-04,62-(706)438-6203,sburnsy@ebay.com,Male,dbdb
36,Cynthia,Robertson,1977-01-04,34-(468)834-5449,crobertsonz@imgur.com,Female,dbdb
37,Kimberly,Bradley,1951-02-06,7-(669)222-8942,kbradley10@wikia.com,Female,dbdb
38,William,Harris,1957-08-25,95-(782)778-6995,wharris11@nbcnews.com,Male,dbdb
39,Billy,George,1968-02-26,58-(908)355-6917,bgeorge12@wikimedia.org,Male,dbdb
40,Philip,Fisher,1990-12-21,62-(828)932-0141,pfisher13@slate.com,Male,dbdb
41,Margaret,Diaz,1990-03-08,595-(499)540-1808,mdiaz14@google.co.uk,Female,dbdb
42,Tammy,Little,1976-02-14,86-(171)528-2481,tlittle15@sohu.com,Female,dbdb
43,Kathryn,Vasquez,1970-09-06,46-(389)189-9136,kvasquez16@weibo.com,Female,dbdb
44,Philip,Vasquez,1973-10-20,55-(258)855-5940,pvasquez17@bandcamp.com,Male,dbdb
45,James,Scott,1967-07-01,62-(571)127-6712,jscott18@tumblr.com,Male,dbdb
46,Barbara,Nichols,1990-07-22,254-(634)832-5215,bnichols19@dot.gov,Female,dbdb
47,Victor,Berry,1985-04-17,86-(785)592-8764,vberry1a@liveinternet.ru,Male,dbdb
48,Joshua,Howell,1954-12-14,86-(350)947-8956,jhowell1b@hexun.com,Male,dbdb
49,Anne,Lane,1966-08-19,86-(104)939-0153,alane1c@ft.com,Female,dbdb
50,Wayne,Lawrence,1974-04-25,420-(603)679-0852,wlawrence1d@cnet.com,Male,dbdb
51,Janice,Watkins,1976-09-12,351-(773)918-3942,jwatkins1e@com.com,Female,dbdb
52,Billy,Gomez,1957-01-13,371-(332)697-1810,bgomez1f@tinypic.com,Male,dbdb
53,Andrea,Franklin,1972-11-16,351-(415)470-8383,afranklin1g@sciencedirect.com,Female,dbdb
54,Marie,Burns,1994-10-08,62-(724)833-2839,mburns1h@goodreads.com,Female,dbdb
55,Christina,Daniels,1977-04-21,55-(494)871-8182,cdaniels1i@domainmarket.com,Female,dbdb
56,Scott,West,1996-11-12,81-(104)629-6643,swest1j@mit.edu,Male,dbdb
57,Russell,Stewart,1994-05-07,290-(935)995-8161,rstewart1k@fc2.com,Male,dbdb
58,Jeremy,Fox,1990-05-03,7-(608)107-8029,jfox1l@naver.com,Male,dbdb
59,Cynthia,Harris,1993-12-30,256-(384)408-0814,charris1m@altervista.org,Female,dbdb
60,Johnny,Lewis,1963-12-20,420-(149)632-2572,jlewis1n@homestead.com,Male,dbdb
61,Katherine,Lewis,1965-09-22,234-(600)619-9037,klewis1o@nifty.com,Female,dbdb
62,Jimmy,Nelson,1968-12-11,54-(523)501-1557,jnelson1p@cisco.com,Male,dbdb
63,Keith,Garrett,1969-11-26,30-(362)985-1781,kgarrett1q@kickstarter.com,Male,dbdb
64,Phyllis,Riley,1954-10-30,86-(948)599-1066,priley1r@cdc.gov,Female,dbdb
65,Gregory,Gomez,1972-04-30,27-(484)542-7567,ggomez1s@webs.com,Male,dbdb
66,Louis,Berry,1957-03-28,86-(507)942-5873,lberry1t@princeton.edu,Male,dbdb
67,Samuel,Webb,1979-06-15,962-(624)861-4260,swebb1u@w3.org,Male,dbdb
68,Thomas,Bradley,1959-12-04,62-(676)899-4176,tbradley1v@toplist.cz,Male,dbdb
69,Randy,Castillo,1951-09-17,31-(638)388-1496,rcastillo1w@discuz.net,Male,dbdb
70,Debra,Williams,1966-03-20,33-(961)582-8717,dwilliams1x@uiuc.edu,Female,dbdb
71,Kevin,Bailey,1952-03-25,63-(897)826-0044,kbailey1y@sbwire.com,Male,dbdb
72,Ralph,Day,1956-07-15,371-(543)415-4710,rday1z@lulu.com,Male,dbdb
73,Matthew,Butler,1956-11-25,7-(601)976-7075,mbutler20@unc.edu,Male,dbdb
74,Phyllis,King,1950-12-17,62-(832)186-0250,pking21@t.co,Female,dbdb
75,Wanda,Hart,1954-02-24,386-(961)598-1033,whart22@spiegel.de,Female,dbdb
76,Dorothy,Morris,1973-01-31,86-(586)391-1750,dmorris23@ameblo.jp,Female,dbdb
77,Marilyn,Sanchez,1959-10-25,51-(455)571-5917,msanchez24@time.com,Female,dbdb
78,Carol,Lynch,1972-05-01,86-(648)500-1811,clynch25@illinois.edu,Female,dbdb
79,Anna,Allen,1951-09-26,86-(967)805-6495,aallen26@boston.com,Female,dbdb
80,Andrew,Wagner,1979-04-29,351-(430)415-1756,awagner27@netscape.com,Male,dbdb
81,Rachel,Fisher,1988-05-28,86-(253)500-6348,rfisher28@nifty.com,Female,dbdb
82,Antonio,Dixon,1952-10-16,86-(241)878-1564,adixon29@washingtonpost.com,Male,dbdb
83,Bobby,Perez,1995-07-15,86-(536)534-1994,bperez2a@usa.gov,Male,dbdb
84,Steve,Burke,1982-09-14,30-(908)517-0241,sburke2b@wikispaces.com,Male,dbdb
85,Stephen,Allen,1975-05-09,48-(872)267-1381,sallen2c@deliciousdays.com,Male,dbdb
86,Amy,Simpson,1972-01-25,48-(531)630-3787,asimpson2d@ted.com,Female,dbdb
87,Lori,Gibson,1976-12-25,358-(717)841-6911,lgibson2e@apache.org,Female,dbdb
88,David,Romero,1987-07-05,86-(754)307-0169,dromero2f@seattletimes.com,Male,dbdb
89,Peter,Rogers,1969-06-16,57-(320)849-3224,progers2g@usda.gov,Male,dbdb
90,William,Larson,1981-08-25,48-(250)359-3509,wlarson2h@moonfruit.com,Male,dbdb
91,Jean,Dunn,1952-01-05,51-(417)240-1313,jdunn2i@cnet.com,Female,dbdb
92,Jeremy,Reyes,1993-05-01,62-(102)980-8032,jreyes2j@paypal.com,Male,dbdb
93,Amanda,Burns,1987-03-11,62-(351)774-0093,aburns2k@deviantart.com,Female,dbdb
94,Ann,Grant,1992-01-18,234-(219)459-1376,agrant2l@google.pl,Female,dbdb
95,Barbara,Fox,1963-05-12,62-(372)176-2701,bfox2m@noaa.gov,Female,dbdb
96,Billy,Knight,1991-10-06,972-(544)460-2587,bknight2n@google.es,Male,dbdb
97,Arthur,Campbell,1961-05-29,86-(309)454-5169,acampbell2o@bing.com,Male,dbdb
98,Jessica,Bell,1994-02-03,51-(656)205-7026,jbell2p@blogger.com,Female,dbdb
99,Mildred,Carpenter,1982-04-10,62-(425)871-2799,mcarpenter2q@bandcamp.com,Female,dbdb
100,Lori,Myers,1952-07-17,48-(933)583-7484,lmyers2r@mozilla.com,Female,dbdb
